name	definition	description	parameterid	parametername	unit	input-parameter	output-parameter	
"Dax"	"{diffm}*1[kg m^-6 s]+{dax_1_m}*1[kg^-1 m^2 s]+{diffm}*1[m^-2 s]*{db_dx_m}"	""	""	"Dax"	""	#f	#f	
"Dax1"	"MassFraction(species = 'dye')*Density*(-1[kg m^-4]*Velocity.x+ {vavx}*1[kg m^-4])"	""	""	"Dax1"	""	#f	#f	
"dB_dx"	"Density*dMassFractiondx(species = 'dye')"	""	""	"dB_dx"	""	#f	#f	
"hmicro"	"2*Dax/{vavx}"	""	""	"hmicro"	""	#f	#f	
"uref"	"-1[kg m^-4]*Velocity.x+{vavx}*1[kg m^-4]+1[kg m^-2 s^-1]*dMassFractiondx(species = 'dm_kds')"	""	""	"uref"	""	#f	#f	
