<FluentXMLReport>
<version>
Fluent
Version: 2d, dp, pbns, spe, lam (2d, double precision, pressure-based,  species, laminar)
Release: 23.1.0
Title: 
</version>

<Models>

Models
------

   Model                        Settings                   
   -----------------------------------------------------
   Space                        2D                         
   Time                         Steady                     
   Viscous                      Laminar                    
   Heat Transfer                Disabled                   
   Solidification and Melting   Disabled                   
   Species                      Non-Reacting (3 species)   
   Coupled Dispersed Phase      Disabled                   
   NOx Pollutants               Disabled                   
   SOx Pollutants               Disabled                   
   Soot                         Disabled                   
   Mercury Pollutants           Disabled                   
   Structure                    Disabled                   
   Acoustics                    Disabled                   
   Eulerian Wall Film           Disabled                   
   Potential/Electrochemistry   Disabled                   
   Multiphase                   Disabled                   

</Models>

<MaterialProperties>
Material Properties
-------------------

   Material: (water-liquid . mixture-template) (fluid)

      Property             Units      Method     Value(s)   
      ---------------------------------------------------
      Density              kg/m^3     constant   998.2      
      Cp (Specific Heat)   J/(kg K)   constant   4182       
      Viscosity            kg/(m s)   constant   0.001003   
      Molecular Weight     kg/kmol    constant   18.0152    

   Material: (dm_kds . mixture-template) (fluid)

      Property             Units      Method     Value(s)   
      ---------------------------------------------------
      Density              kg/m^3     constant   998.2      
      Cp (Specific Heat)   J/(kg K)   constant   4182       
      Viscosity            kg/(m s)   constant   0.001003   
      Molecular Weight     kg/kmol    constant   18.0152    

   Material: (dye . mixture-template) (fluid)

      Property             Units      Method     Value(s)   
      ---------------------------------------------------
      Density              kg/m^3     constant   998.2      
      Cp (Specific Heat)   J/(kg K)   constant   4182       
      Viscosity            kg/(m s)   constant   0.001003   
      Molecular Weight     kg/kmol    constant   18.0152    

   Material: dye (fluid)

      Property               Units      Method     Value(s)   
      -----------------------------------------------------
      Density                kg/m^3     constant   998.2      
      Cp (Specific Heat)     J/(kg K)   constant   4182       
      Thermal Conductivity   W/(m K)    constant   0.6        
      Viscosity              kg/(m s)   constant   0.001003   
      Molecular Weight       kg/kmol    constant   18.0152    

   Material: dm_kds (fluid)

      Property               Units      Method     Value(s)   
      -----------------------------------------------------
      Density                kg/m^3     constant   998.2      
      Cp (Specific Heat)     J/(kg K)   constant   4182       
      Thermal Conductivity   W/(m K)    constant   0.6        
      Viscosity              kg/(m s)   constant   0.001003   
      Molecular Weight       kg/kmol    constant   18.0152    

   Material: water-liquid (fluid)

      Property               Units      Method     Value(s)   
      -----------------------------------------------------
      Density                kg/m^3     constant   998.2      
      Cp (Specific Heat)     J/(kg K)   constant   4182       
      Thermal Conductivity   W/(m K)    constant   0.6        
      Viscosity              kg/(m s)   constant   0.001003   
      Molecular Weight       kg/kmol    constant   18.0152    

   Material: mixture-template (mixture)

      Property               Units      Method                       Value(s)                            
      ------------------------------------------------------------------------------------------------
      Mixture Species                   names                        ((dye dm_kds water-liquid) () ())   
      Density                kg/m^3     volume-weighted-mixing-law   #f                                  
      Cp (Specific Heat)     J/(kg K)   mixing-law                   #f                                  
      Thermal Conductivity   W/(m K)    constant                     0.0454                              
      Viscosity              kg/(m s)   mass-weighted-mixing-law     #f                                  
      Mass Diffusivity       m^2/s      constant-dilute-appx         (1e-09)                             

   Material: aluminum (solid)

      Property               Units      Method     Value(s)   
      -----------------------------------------------------
      Density                kg/m^3     constant   2719       
      Cp (Specific Heat)     J/(kg K)   constant   871        
      Thermal Conductivity   W/(m K)    constant   202.4      

</MaterialProperties>

<CellZoneConditions>
Cell Zone Conditions
--------------------

   Zones

      name            id   type    
      --------------------------
      ns_fluid_face   2    fluid   

   Setup Conditions

      ns_fluid_face

         Condition       Value   
         ---------------------
         Frame Motion?   no      
         Mesh Motion?    no      

</CellZoneConditions>

<BoundaryConditions>
Boundary Conditions
-------------------

   Zones

      name           id   type       
      ----------------------------
      periodic       6    periodic   
      ns_outlet      7    periodic   
      ns_wall_part   5    wall       
      ns_sym_left    8    symmetry   
      ns_sym_right   9    symmetry   

   Setup Conditions

      periodic

         Condition   Value   
         -----------------

      ns_outlet

         Condition   Value   
         -----------------

      ns_wall_part

         Condition                     Value                                                         
         -----------------------------------------------------------------------------------------
         Wall Motion                   Stationary Wall                                               
         Shear Boundary Condition      No Slip                                                       
         Species Boundary Conditions   Specified Flux (Mass)/Specified Flux (Mass)                   
                                       (((constant . 0) (profile  )) ((constant . 0) (profile  )))   

      ns_sym_left

         Condition   Value   
         -----------------

      ns_sym_right

         Condition   Value   
         -----------------

</BoundaryConditions>

<SolverSettings>
Solver Settings
---------------

   Equations

      Equation   Solved   
      -----------------
      Flow       yes      
      dye        no       
      dm_kds     no       

   Numerics

      Numeric                         Enabled   
      ---------------------------------------
      Absolute Velocity Formulation   yes       

   Under-Relaxation Factors

      Variable      Relaxation Factor   
      -------------------------------
      Pressure      0.3                 
      Density       1                   
      Body Forces   1                   
      Momentum      0.7                 
      dye           1                   
      dm_kds        1                   

   Linear Solver

      Variable     Solver Type   Termination Criterion   Residual Reduction Tolerance   
      -------------------------------------------------------------------------------
      Pressure     V-Cycle       0.1                                                    
      X-Momentum   Flexible      0.1                     0.7                            
      Y-Momentum   Flexible      0.1                     0.7                            
      dye          Flexible      0.1                     0.7                            
      dm_kds       Flexible      0.1                     0.7                            

   Pressure-Velocity Coupling

      Parameter   Value    
      ------------------
      Type        SIMPLE   

   Discretization Scheme

      Variable   Scheme                
      ------------------------------
      Pressure   Second Order          
      Momentum   Second Order Upwind   
      dye        Second Order Upwind   
      dm_kds     Second Order Upwind   

   Solution Limits

      Quantity                    Limit   
      ---------------------------------
      Minimum Absolute Pressure   1       
      Maximum Absolute Pressure   5e+10   
      Minimum Temperature         1       
      Maximum Temperature         5000    

</SolverSettings>

</FluentXMLReport>